key,en,de
average,Average,Durchschnitt
pluspoints,Pluspoints,Pluspunkte
pp,Pluspoints,Pluspunkte
av,Average,Durchschnitt
settings,Settings,Einstellungen
grade_result,Grades results,Noten Resultate
weight,weight,Gewichtung
add_exam,Add exam,Test hinzuf√ºgen
grade,grade,Note
exam_name,exam name,Test Name
delete,Delete,l√∂schen
no,No,Nein
back,Back,zur√ºck
rename,Edit,bearbeiten
add_semester,Add semester,Semester hinzuf√ºgen
add_lesson,Add a subject,Fach hinzuf√ºgen
lesson_name,Subject name,Fach Name
delete_confirmation_p1,Do you really want to delete,"Bist du sicher, dass du"
delete_confirmation_p2,?,l√∂schen willst?
add,Add,hinzuf√ºgen
sign_in,Sign in,Einloggen
password_remembered,Remember your password?,Weisst du dein Passwort?
your_email,Your email,Deine Email
your_password,Your password,Dein Passwort
password,Password,Passwort
question_forgot_password,Forgot password?,Passwort vergessen?
reset_password,Reset Password,Passwort zur√ºcksetzen
request_link,Request Link,Link anfordern
sign_up,sign up,Registrieren
question_have_account,Do you have an account already?,Hast du bereits ein Account?
question_no_account,You don't have an account?,Hast du noch kein Account?
welcome,"Welcome!","Willkommen!"
welcome_to_gradely,Welcome to Gradely 2!,Willkommen bei Gradely 2!
grades_across,Your grades across all your devices.,Deine Noten auf all deinen Ger√§ten.
get_started,Get started,Los geht's!
intro_gradely_helps_monitoring,"Gradely helps to relieve your brain, because Gradely 2 can remember and monitor your grades.","Gradely 2 entlastet dein Gehirn, denn Gradely 2 kann sich deine Noten merken und √ºberwachen."
everywhere_available,Available everywhere,√úberall verf√ºgbar
intro_messaqge_sync,"Your grades are stored in a cloud. So, you can edit and view your grades on all your devices.","Deine Noten werden sicher in der Cloud gespeichert. So kannst du auf all deinen Ger√§ten bearbeiten und anschauen."
intro_more_in_settings,More Informations can you find in Settings.,Mehr Infos findest du in den Einstellungen.
pluspoints_or_average,Pluspoints or average?,Pluspunkte oder Durchschnitt?
grade_result_change_in_settings,In Settings you can decide if your grades should be displayed as an average or Pluspoints.,In den Einstellungen kannst du einstellen ob es deine Resultate in Pluspunkten oder als Durschnitt anzeigen soll.
almost_finished,Almost finished...,Fast Fertig...
intro_add_semester,Add a semester. No worries you can delete or edit this semester later.,F√ºge ein Semester hinzu. Keine Angst dieses kannst du sp√§ter l√∂schen oder unbenennen.
settings_platforms_download_button,Download Gradely 2 for your other devices,Gradely 2 f√ºr deine anderen Ger√§te herunterladen
try_again,Try again,Erneut versuchen
restart_intro,Restart Intro,Intro wiederholen
contact_developer,Contact developer,Entwickler kontaktieren
your_message,Your message,Deine Nachricht
send,send,senden
edit,edit,bearbeiten
sent,sent!,gesendet!
or,or,oder
contact_success_text,Thanks for your message. I will contact you with this email:,Danke f√ºr deine Nachricht. Ich werde mich bei dir unter dieser Email melden:
password_reset_success_text,An email to reset your password was sent. Please make sure you check your spam folder.,Eine Email um dein Passwort zur√ºckzusetzen wurde erfolgreich gesendet. Bitte beachte auch dein Spam Fach.
error,error,Fehler
error_wrong_password,Wrong password,Falsches Passwort
error_unknown,There was an unknown error,Ein unbekannter Fehler ist aufgetreten
error_contact,Unfortunately there is an error. You can try it later or you can contact me under elias@eliasschneider.com,Leider ist ein Fehler aufgetreten. Versuche es sp√§ter nochmals oder konatkiere mich unter elias@eliasschneider.com
dream_grade,Dream grade,Wunschnote
dream_grade_calulator,Dream grade calulator,Wunschnoten rechner
dream_grade_result_text,Your grade for the next exam should be:,Deine Note f√ºr den n√§chsten test:
dream _grade_weight,Dream grade weight,Wunschnoten Gewichtung
date,date,Datum
tip,Tip,Trinkgeld
tip_description,"I invested a lot of time in this app. Of course I want that this app is free, but servers aren't free. With your support you can help to improve this app and pay the servers üñ§.","Ich habe viel Zeit in diese App investiert, Server sind aber nicht gratis. Ich m√∂chte das diese App gratis ist. Mit deiner Unterst√ºtzung kannst du mithelfen, dass ich die App immer weiterentwickeln und die Server bezahlen kann üñ§."
support,Support app,App unterst√ºtzen
tip_only_mobile,Tips are only available on mobile.,Trinkgeld ist nur auf mobile verf√ºgbar.
loading,loading,L√§dt...
email,Email,Email
action_required,Action required,Handlung erforderlich
re_enter_password_save_changes,Please re enter your password to save your changes,Bitte gib dein Passwort ein um deine √Ñnderungen zu speichern.
delete_account,Delete account,Account l√∂schen
save,save,speichern
change_password,Change password,Passwort √§ndern
warning,Warning,Achtung
change_password_text,To change your password click the button below. you get an email there you can change your password.,Um dein Passwort zu √§ndern dr√ºcke den Knopf unten. Du bekommst eine Email dort kannst du dein Passwort √§ndern.
delete_account_text,Warning! Do you really want to delete your account and your grades? this can't be undone.,Achtung! Willst du wirklich all deine Noten und dein Account l√∂schen? Dies kann nicht R√ºckg√§ngig gemacht werden.
reset,Reset,Zur√ºcksetzen
done,Done,Fertig
create,Create,Erstellen
account,Account,Account
no_emoji_choosed,Add emoji,Emoji hinzuzuf√ºgen
edit_semester,Edit semester,Semester bearbeiten
edit_semester_round,Round subjects to:, Fachnoten runden auf: 
empty_lesson_p1,It's really empty here.,Es ist sehr leer hier
empty_lesson_p2,Click the,Klicke auf
empty_lesson_p3,to add your first grade.,um eine Note hinzuzuf√ºgen.
error_stats_contain_no_date,Some of your grades don't have dates. Please add a date to every of your grade to see your statistics.,Ein paar Noten haben kein Datum. Bitte f√ºge ein Datum hinzu um deine Statistiken zu sehen.
statistics,Statistics,Statistiken
stats_description,This shows your grades along the date time period.,Diese Statistik zeigt dir deine Noten w√§hrend der Datum Zeitperiode.
your_name,Your name,Dein Name
benefits,Benefits,Vorteile
your_benefits,Your benefits,Deine Vorteile
thank_you,Thank you!,Danke!
tip_success_text,Thank you soo much for supporting Gradely 2 üñ§.,Danke viel mals das du Gradely 2 unterst√ºtzt üñ§.
description,Description,Beschreibung
beer,Beer,Bier
success,Success,Erfolgreich
email_updated,Your email was updated,Deine Email wurde aktualisiert
name_updated,Your name was updated,Dein Name wurde aktualisiert
no_network_offline_loading,It looks like you have a slow or no internet connection.,"Es sieht so aus, dass du keine oder eine langsame Internet Verbindung hast."
network_needed_title,Network Connection,Internet Verbindung
network_needed_text,To use this feature you need a network connection.,"Um diese Funktion zu nutzen, brauchst du eine Internet Verbindung."
no_network,"You're not connected to the internet.","Du bist nicht mit dem Internet verbunden."
app_info,App Information,App Informationen
server_location,Server Location,Server Standort
app_language,App Language,App Sprache
server_connection,Server Connection,Server Verbindung
app_name,App Name,App Name
version,Version,Version
build,Build,Build
licenses,Licenses,Lizensen
contribute,Contribute,Mithelfen
error_server_not_reachable_title,Server not reachable,Server nicht verf√ºgbar
error_server_not_reachable_text,"Currently the server is not reachable, please try again in a few minutes","Im Moment ist der Server nicht erreichbar, bitte versuche es in einpaar Minuten erneut."
contribute_leading_text,"Gradely 2 is opensource, this means that everybody can help make this app better. If you want to contribute to make gradely better, here are you right ‚ù§Ô∏è.","Gradely 2 ist Open Source, das heisst jeder kann helfen die App zu verbessern. die aFalls du mithelfen willst, Gradely besser zu machen bist du hier richtig ‚ù§Ô∏è."
languages,Languages,Sprachen
bug_or_improvement,Bug or improvement,Bug oder Vorschl√§ge
contribute_translate_p1,"To give every user an awesome experience, Gradely should be translated in many languages.","Um jedem Nutzer ein super Erlebnis zu geben, sollte Gradely in vielen Sprachen verf√ºgbar sein"
contribute_translate_p2,"Found some language error, or better do you want to help translate Gradely in another language?","Hast du ein Fehler bei einer Sprache gefunden oder noch besser, willst du helfen, gradely in eine andere Sprache zu √ºbersetzen?"
contribute_feature_bug_suggestion,Did you spot a bug or do you have an improvement or suggestion?,Hast du einen Bug entdeckt oder hast eine Verbesserung?
or_something_else,Or something else?,Oder etwas anderes?
contact_me,Contact me,Kontaktiere mich
error_grade_badly_formatted,Please check if your grade or weight is correctly formatted.,Bitte √ºberpr√ºfe ob die Note oder die Gewichtung korrekt formatiert ist.
view_github,View on GitHub,Auf GitHub ansehen
change_email,Change email,Email √§ndern
intro_email_verification,"You have to verify your email, so you can't lose your grades. We sent you an email to","Du musst deine Email best√§tigen, so kannst du deine Noten nicht verlieren. Wir haben dir eine Email gesendet an"
check_email_spam,Please check also your spam folder.,Bitte √ºberpr√ºfe auch deinen Spam Ordner.
add_first_semester,Add your first Semester,F√ºge dein erstes Semester hinzu
error_email_not_verified,Please check your mails and verify your email.,Bitte √ºberpr√ºfe deine Mails und verifiziere deine Email.
success_email_verified,Your email is verified.,Deine Email wurde best√§tigt.
i_verified_email,I verified my email,Ich habe meine Email best√§tigt
send_again,Send again,Erneut senden
success_semester_added,Your semester was added,Dein Semester wurde hinzugef√ºgt
success_email_sent,An email was sent successfully.,Eine Email wurde erfolgreich gesendet.
learn_more,Learn more,Mehr erfahren
error_server_down,"The Gradely 2 server is down, try again in a few minutes","Der Gradely 2 Server ist im Moment offline, versuche es in ein paar Minuten erneut."
server_down,Server offline,Server offline
rate_app,Rate app,App bewerten
rate_app_description,Rating Gradely 2 helps very much.,Gradely 2 bewerten hilft sehr viel.
maintenance_hurry,"If you're in hurry open the app without a network connection.","Falls du nicht warten kannst, √∂ffne die App ohne Internetverbindung."
maintenance_description,"We're improving your Gradely 2 experience. Try again in a few minutes.","Wir verbessern gerade Gradely 2. Bitte versuche es in ein paar Minuten erneut."
maintenance,Maintenance,Wartung
sorry,Sorry,Entschuldigung
still_maintenance,Gradely 2 is still in maintenance.,Gradely 2 ist immer noch in Wartung.
try_again,Try again,Erneut versuchen
intro_get_started_description,"Enter your information to create a Gradely 2 account.","Gib deine Informationen ein, um ein Gradely 2 Konto zu erstellen."
lets_get_started,"Let's get started","Los geht's"
downloads,Downloads,Downloads